concept_id,name,topic_id
CTSUB1_1_1,Physics_Topic_1_Concept_1,TSUB1_1
CTSUB1_1_2,Physics_Topic_1_Concept_2,TSUB1_1
CTSUB1_1_3,Physics_Topic_1_Concept_3,TSUB1_1
CTSUB1_1_4,Physics_Topic_1_Concept_4,TSUB1_1
CTSUB1_1_5,Physics_Topic_1_Concept_5,TSUB1_1
CTSUB1_2_1,Physics_Topic_2_Concept_1,TSUB1_2
CTSUB1_2_2,Physics_Topic_2_Concept_2,TSUB1_2
CTSUB1_2_3,Physics_Topic_2_Concept_3,TSUB1_2
CTSUB1_2_4,Physics_Topic_2_Concept_4,TSUB1_2
CTSUB1_2_5,Physics_Topic_2_Concept_5,TSUB1_2
CTSUB1_3_1,Physics_Topic_3_Concept_1,TSUB1_3
CTSUB1_3_2,Physics_Topic_3_Concept_2,TSUB1_3
CTSUB1_3_3,Physics_Topic_3_Concept_3,TSUB1_3
CTSUB1_3_4,Physics_Topic_3_Concept_4,TSUB1_3
CTSUB1_3_5,Physics_Topic_3_Concept_5,TSUB1_3
CTSUB1_4_1,Physics_Topic_4_Concept_1,TSUB1_4
CTSUB1_4_2,Physics_Topic_4_Concept_2,TSUB1_4
CTSUB1_4_3,Physics_Topic_4_Concept_3,TSUB1_4
CTSUB1_4_4,Physics_Topic_4_Concept_4,TSUB1_4
CTSUB1_4_5,Physics_Topic_4_Concept_5,TSUB1_4
CTSUB1_5_1,Physics_Topic_5_Concept_1,TSUB1_5
CTSUB1_5_2,Physics_Topic_5_Concept_2,TSUB1_5
CTSUB1_5_3,Physics_Topic_5_Concept_3,TSUB1_5
CTSUB1_5_4,Physics_Topic_5_Concept_4,TSUB1_5
CTSUB1_5_5,Physics_Topic_5_Concept_5,TSUB1_5
CTSUB2_1_1,Chemistry_Topic_1_Concept_1,TSUB2_1
CTSUB2_1_2,Chemistry_Topic_1_Concept_2,TSUB2_1
CTSUB2_1_3,Chemistry_Topic_1_Concept_3,TSUB2_1
CTSUB2_1_4,Chemistry_Topic_1_Concept_4,TSUB2_1
CTSUB2_1_5,Chemistry_Topic_1_Concept_5,TSUB2_1
CTSUB2_2_1,Chemistry_Topic_2_Concept_1,TSUB2_2
CTSUB2_2_2,Chemistry_Topic_2_Concept_2,TSUB2_2
CTSUB2_2_3,Chemistry_Topic_2_Concept_3,TSUB2_2
CTSUB2_2_4,Chemistry_Topic_2_Concept_4,TSUB2_2
CTSUB2_2_5,Chemistry_Topic_2_Concept_5,TSUB2_2
CTSUB2_3_1,Chemistry_Topic_3_Concept_1,TSUB2_3
CTSUB2_3_2,Chemistry_Topic_3_Concept_2,TSUB2_3
CTSUB2_3_3,Chemistry_Topic_3_Concept_3,TSUB2_3
CTSUB2_3_4,Chemistry_Topic_3_Concept_4,TSUB2_3
CTSUB2_3_5,Chemistry_Topic_3_Concept_5,TSUB2_3
CTSUB2_4_1,Chemistry_Topic_4_Concept_1,TSUB2_4
CTSUB2_4_2,Chemistry_Topic_4_Concept_2,TSUB2_4
CTSUB2_4_3,Chemistry_Topic_4_Concept_3,TSUB2_4
CTSUB2_4_4,Chemistry_Topic_4_Concept_4,TSUB2_4
CTSUB2_4_5,Chemistry_Topic_4_Concept_5,TSUB2_4
CTSUB2_5_1,Chemistry_Topic_5_Concept_1,TSUB2_5
CTSUB2_5_2,Chemistry_Topic_5_Concept_2,TSUB2_5
CTSUB2_5_3,Chemistry_Topic_5_Concept_3,TSUB2_5
CTSUB2_5_4,Chemistry_Topic_5_Concept_4,TSUB2_5
CTSUB2_5_5,Chemistry_Topic_5_Concept_5,TSUB2_5
CTSUB3_1_1,Biology_Topic_1_Concept_1,TSUB3_1
CTSUB3_1_2,Biology_Topic_1_Concept_2,TSUB3_1
CTSUB3_1_3,Biology_Topic_1_Concept_3,TSUB3_1
CTSUB3_1_4,Biology_Topic_1_Concept_4,TSUB3_1
CTSUB3_1_5,Biology_Topic_1_Concept_5,TSUB3_1
CTSUB3_2_1,Biology_Topic_2_Concept_1,TSUB3_2
CTSUB3_2_2,Biology_Topic_2_Concept_2,TSUB3_2
CTSUB3_2_3,Biology_Topic_2_Concept_3,TSUB3_2
CTSUB3_2_4,Biology_Topic_2_Concept_4,TSUB3_2
CTSUB3_2_5,Biology_Topic_2_Concept_5,TSUB3_2
CTSUB3_3_1,Biology_Topic_3_Concept_1,TSUB3_3
CTSUB3_3_2,Biology_Topic_3_Concept_2,TSUB3_3
CTSUB3_3_3,Biology_Topic_3_Concept_3,TSUB3_3
CTSUB3_3_4,Biology_Topic_3_Concept_4,TSUB3_3
CTSUB3_3_5,Biology_Topic_3_Concept_5,TSUB3_3
CTSUB3_4_1,Biology_Topic_4_Concept_1,TSUB3_4
CTSUB3_4_2,Biology_Topic_4_Concept_2,TSUB3_4
CTSUB3_4_3,Biology_Topic_4_Concept_3,TSUB3_4
CTSUB3_4_4,Biology_Topic_4_Concept_4,TSUB3_4
CTSUB3_4_5,Biology_Topic_4_Concept_5,TSUB3_4
CTSUB3_5_1,Biology_Topic_5_Concept_1,TSUB3_5
CTSUB3_5_2,Biology_Topic_5_Concept_2,TSUB3_5
CTSUB3_5_3,Biology_Topic_5_Concept_3,TSUB3_5
CTSUB3_5_4,Biology_Topic_5_Concept_4,TSUB3_5
CTSUB3_5_5,Biology_Topic_5_Concept_5,TSUB3_5
CTSUB4_1_1,Maths_Topic_1_Concept_1,TSUB4_1
CTSUB4_1_2,Maths_Topic_1_Concept_2,TSUB4_1
CTSUB4_1_3,Maths_Topic_1_Concept_3,TSUB4_1
CTSUB4_1_4,Maths_Topic_1_Concept_4,TSUB4_1
CTSUB4_1_5,Maths_Topic_1_Concept_5,TSUB4_1
CTSUB4_2_1,Maths_Topic_2_Concept_1,TSUB4_2
CTSUB4_2_2,Maths_Topic_2_Concept_2,TSUB4_2
CTSUB4_2_3,Maths_Topic_2_Concept_3,TSUB4_2
CTSUB4_2_4,Maths_Topic_2_Concept_4,TSUB4_2
CTSUB4_2_5,Maths_Topic_2_Concept_5,TSUB4_2
CTSUB4_3_1,Maths_Topic_3_Concept_1,TSUB4_3
CTSUB4_3_2,Maths_Topic_3_Concept_2,TSUB4_3
CTSUB4_3_3,Maths_Topic_3_Concept_3,TSUB4_3
CTSUB4_3_4,Maths_Topic_3_Concept_4,TSUB4_3
CTSUB4_3_5,Maths_Topic_3_Concept_5,TSUB4_3
CTSUB4_4_1,Maths_Topic_4_Concept_1,TSUB4_4
CTSUB4_4_2,Maths_Topic_4_Concept_2,TSUB4_4
CTSUB4_4_3,Maths_Topic_4_Concept_3,TSUB4_4
CTSUB4_4_4,Maths_Topic_4_Concept_4,TSUB4_4
CTSUB4_4_5,Maths_Topic_4_Concept_5,TSUB4_4
CTSUB4_5_1,Maths_Topic_5_Concept_1,TSUB4_5
CTSUB4_5_2,Maths_Topic_5_Concept_2,TSUB4_5
CTSUB4_5_3,Maths_Topic_5_Concept_3,TSUB4_5
CTSUB4_5_4,Maths_Topic_5_Concept_4,TSUB4_5
CTSUB4_5_5,Maths_Topic_5_Concept_5,TSUB4_5
CTSUB5_1_1,English_Topic_1_Concept_1,TSUB5_1
CTSUB5_1_2,English_Topic_1_Concept_2,TSUB5_1
CTSUB5_1_3,English_Topic_1_Concept_3,TSUB5_1
CTSUB5_1_4,English_Topic_1_Concept_4,TSUB5_1
CTSUB5_1_5,English_Topic_1_Concept_5,TSUB5_1
CTSUB5_2_1,English_Topic_2_Concept_1,TSUB5_2
CTSUB5_2_2,English_Topic_2_Concept_2,TSUB5_2
CTSUB5_2_3,English_Topic_2_Concept_3,TSUB5_2
CTSUB5_2_4,English_Topic_2_Concept_4,TSUB5_2
CTSUB5_2_5,English_Topic_2_Concept_5,TSUB5_2
CTSUB5_3_1,English_Topic_3_Concept_1,TSUB5_3
CTSUB5_3_2,English_Topic_3_Concept_2,TSUB5_3
CTSUB5_3_3,English_Topic_3_Concept_3,TSUB5_3
CTSUB5_3_4,English_Topic_3_Concept_4,TSUB5_3
CTSUB5_3_5,English_Topic_3_Concept_5,TSUB5_3
CTSUB5_4_1,English_Topic_4_Concept_1,TSUB5_4
CTSUB5_4_2,English_Topic_4_Concept_2,TSUB5_4
CTSUB5_4_3,English_Topic_4_Concept_3,TSUB5_4
CTSUB5_4_4,English_Topic_4_Concept_4,TSUB5_4
CTSUB5_4_5,English_Topic_4_Concept_5,TSUB5_4
CTSUB5_5_1,English_Topic_5_Concept_1,TSUB5_5
CTSUB5_5_2,English_Topic_5_Concept_2,TSUB5_5
CTSUB5_5_3,English_Topic_5_Concept_3,TSUB5_5
CTSUB5_5_4,English_Topic_5_Concept_4,TSUB5_5
CTSUB5_5_5,English_Topic_5_Concept_5,TSUB5_5
